{"cameraMode":{"drawMode":0,"name":"Shaded","section":"Shading Mode"},"sceneLighting":true,"audioPlay":false,"sceneViewState":{"showFog":true,"showMaterialUpdate":false,"showSkybox":true,"showFlares":true,"showImageEffects":true,"showParticleSystems":true},"in2DMode":false,"pivot":{"x":-0.20001220703125,"y":8.70001220703125,"z":1.4000244140625},"rotation":{"x":-0.087159164249897,"y":-0.03259255364537239,"z":0.002799175214022398,"w":-0.9957131743431091},"size":1212.435546875,"orthographic":false}