{"cameraMode":{"drawMode":0,"name":"Shaded","section":"Shading Mode"},"sceneLighting":true,"audioPlay":false,"sceneViewState":{"showFog":true,"showMaterialUpdate":false,"showSkybox":true,"showFlares":true,"showImageEffects":true,"showParticleSystems":true},"in2DMode":false,"pivot":{"x":2.1636579036712648,"y":5.178240776062012,"z":-17.907573699951173},"rotation":{"x":-0.10102793574333191,"y":0.7238075137138367,"z":-0.10851176828145981,"w":-0.6738900542259216},"size":10.44056224822998,"orthographic":false}