{"cameraMode":{"drawMode":0,"name":"Shaded","section":"Shading Mode"},"sceneLighting":false,"audioPlay":false,"sceneViewState":{"showFog":true,"showMaterialUpdate":false,"showSkybox":false,"showFlares":true,"showImageEffects":true,"showParticleSystems":true},"in2DMode":false,"pivot":{"x":-1.8200000524520875,"y":0.0,"z":-9.569999694824219},"rotation":{"x":0.22556264698505402,"y":0.08056272566318512,"z":-0.01875552162528038,"w":0.9707534313201904},"size":0.43301281332969668,"orthographic":false}