{"cameraMode":{"drawMode":0,"name":"Shaded","section":"Shading Mode"},"sceneLighting":false,"audioPlay":false,"sceneViewState":{"showFog":true,"showMaterialUpdate":false,"showSkybox":false,"showFlares":true,"showImageEffects":true,"showParticleSystems":true},"in2DMode":false,"pivot":{"x":46.16011428833008,"y":10.433586120605469,"z":29.7796688079834},"rotation":{"x":0.15211275219917298,"y":-0.24198803305625916,"z":0.03832384943962097,"w":0.957623302936554},"size":37.95740509033203,"orthographic":false}